data,godzina,typ,ml,piers_lewa_min,piers_prawa_min
2026-08-23,19:18,PIELUCHA_BRUDNA,0
2026-08-23,22:17,KARMIENIE,0,15,15
2026-08-24,02:21,KARMIENIE,0,15,15
2026-08-24,02:21,MLEKO_MATKI,30
2026-08-24,05:10,KARMIENIE,0,10,10
2026-08-24,06:49,KARMIENIE,0,0,0
2026-08-24,09:54,KARMIENIE,0,0,0
2026-08-24,09:54,MLEKO_MATKI,30
2026-08-24,11:35,KARMIENIE,0,0,0
2026-08-24,13:28,KARMIENIE,0,0,0
2026-08-24,14:31,KARMIENIE,0,0,0
2026-08-24,14:31,MLEKO_MODYFIKOWANE,30
2026-08-24,15:22,KARMIENIE,0,0,0
2026-08-24,19:19,KARMIENIE,0,0,0
2026-08-24,22:37,KARMIENIE,0,15,15
2026-08-25,02:40,KARMIENIE,0,0,0
2026-08-25,04:53,KARMIENIE,0,0,0
2026-08-25,06:49,KARMIENIE,0,0,0
2026-08-25,06:49,MLEKO_MATKI,40
2026-08-25,10:17,KARMIENIE,0,0,0
2026-08-25,14:22,KARMIENIE,0,0,0
2026-08-25,16:29,KARMIENIE,0,0,0
2026-08-25,16:29,MLEKO_MATKI,30
2026-08-25,19:04,KARMIENIE,0,0,0
2026-08-25,23:19,KARMIENIE,0,0,0
2026-08-26,02:40,KARMIENIE,0,20,20
2026-08-26,04:21,KARMIENIE,0,15,15
2026-08-26,06:31,KARMIENIE,0,15,15
2026-08-26,06:32,KARMIENIE,0,15,10
2026-08-26,08:19,KARMIENIE,0,15,15
2026-08-26,08:19,MLEKO_MATKI,40
2026-08-26,10:41,KARMIENIE,0,15,15
2026-08-26,14:31,KARMIENIE,0,0,0
2026-08-26,14:31,MLEKO_MATKI,84
2026-08-26,16:32,KARMIENIE,0,15,15
2026-08-26,20:48,KARMIENIE,0,15,10
2026-08-27,00:42,KARMIENIE,0,0,0
2026-08-27,00:42,MLEKO_MATKI,30
2026-08-27,05:09,KARMIENIE,0,20,10
2026-08-27,10:59,KARMIENIE,0,10,10
2026-08-27,12:50,KARMIENIE,0,5,5
2026-08-27,12:50,MLEKO_MODYFIKOWANE,40
2026-08-27,14:30,KARMIENIE,0,0,0
2026-08-27,16:30,KARMIENIE,0,0,0
2026-08-27,19:39,KARMIENIE,0,20,20
2026-08-27,19:39,MLEKO_MODYFIKOWANE,43
2026-08-27,23:40,KARMIENIE,0,20,20
2026-08-28,02:49,KARMIENIE,0,0,0
2026-08-28,05:38,KARMIENIE,0,0,0
2026-08-28,07:20,KARMIENIE,0,0,0
2026-08-28,07:20,MLEKO_MATKI,49
2026-08-28,09:52,KARMIENIE,0,0,0
2026-08-28,13:10,KARMIENIE,0,0,0
2026-08-28,13:10,MLEKO_MATKI,50
2026-08-28,17:11,KARMIENIE,0,0,0
2026-08-28,19:38,KARMIENIE,0,0,0
2026-08-29,00:03,KARMIENIE,0,0,0
2026-08-29,02:20,KARMIENIE,0,0,0
2026-08-29,05:00,KARMIENIE,0,0,0
2026-08-29,07:10,KARMIENIE,0,0,0
2026-08-29,07:10,MLEKO_MATKI,45
2026-08-29,09:25,KARMIENIE,0,0,0
2026-08-29,12:27,KARMIENIE,0,5,0
2026-08-29,12:27,MLEKO_MATKI,11
2026-08-29,14:41,KARMIENIE,0,0,0
2026-08-29,16:30,KARMIENIE,0,0,0
2026-08-29,16:30,MLEKO_MATKI,30
2026-08-29,19:14,KARMIENIE,0,0,0
2026-08-29,19:14,MLEKO_MODYFIKOWANE,50
2026-08-29,23:17,KARMIENIE,0,0,0
2026-08-30,03:40,KARMIENIE,0,0,0
2026-08-30,06:32,KARMIENIE,0,0,0
2026-08-30,08:37,KARMIENIE,0,0,0
2026-08-30,10:20,KARMIENIE,0,0,0
2026-08-30,10:20,MLEKO_MODYFIKOWANE,60
2026-08-30,12:21,KARMIENIE,0,0,0
2026-08-30,16:02,KARMIENIE,0,0,0
2026-08-30,16:02,MLEKO_MATKI,30
2026-08-30,18:23,KARMIENIE,0,0,0
2026-08-30,18:23,MLEKO_MATKI,20
2026-08-30,23:01,KARMIENIE,0,0,0
2026-08-30,23:01,MLEKO_MODYFIKOWANE,40
2026-08-31,03:12,KARMIENIE,0,0,0
2026-08-31,05:25,KARMIENIE,0,0,0
2026-08-31,06:56,KARMIENIE,0,0,0
2026-08-31,08:30,KARMIENIE,0,0,0
2026-08-31,08:30,MLEKO_MATKI,30
2026-08-31,09:18,KARMIENIE,0,0,0
2026-08-31,12:21,KARMIENIE,0,0,0
2026-08-31,15:16,KARMIENIE,0,0,0
2026-08-31,15:16,MLEKO_MATKI,22
2026-08-31,17:15,KARMIENIE,0,0,0
2026-08-31,17:15,MLEKO_MATKI,40
2026-08-31,19:13,KARMIENIE,0,0,0
2026-08-31,19:13,MLEKO_MODYFIKOWANE,45
2026-08-31,23:42,KARMIENIE,0,0,0
2026-09-01,01:35,KARMIENIE,0,0,0
2026-09-01,05:50,KARMIENIE,0,0,0
2026-09-01,06:50,KARMIENIE,0,0,0
2026-09-01,08:51,KARMIENIE,0,0,0
2026-09-01,08:51,MLEKO_MATKI,50
2026-09-01,11:42,KARMIENIE,0,0,0
2026-09-01,14:40,KARMIENIE,0,0,0
2026-09-01,14:40,MLEKO_MATKI,40
2026-09-01,16:40,KARMIENIE,0,0,0
2026-09-01,16:40,MLEKO_MATKI,40
2026-09-01,18:25,KARMIENIE,0,0,0
2026-09-01,18:25,MLEKO_MODYFIKOWANE,70
2026-09-02,00:02,KARMIENIE,0,0,0
2026-09-02,00:02,MLEKO_MATKI,40
2026-09-02,03:59,KARMIENIE,0,0,0
2026-09-02,05:20,KARMIENIE,0,0,0
2026-09-02,05:20,MLEKO_MATKI,50
2026-09-02,07:58,KARMIENIE,0,0,0
2026-09-02,10:37,KARMIENIE,0,0,0
2026-09-02,13:03,KARMIENIE,0,0,0
2026-09-02,16:10,KARMIENIE,0,0,0
2026-09-02,16:10,MLEKO_MODYFIKOWANE,90
2026-09-02,18:11,KARMIENIE,0,0,0
2026-09-02,20:20,KARMIENIE,0,0,0
2026-09-02,20:20,MLEKO_MODYFIKOWANE,50
2026-09-02,23:55,KARMIENIE,0,0,0
2026-09-02,23:55,MLEKO_MODYFIKOWANE,77
2026-09-03,04:57,KARMIENIE,0,0,0
2026-09-03,06:39,KARMIENIE,0,0,0
2026-09-03,08:30,KARMIENIE,0,0,0
2026-09-03,08:30,MLEKO_MATKI,60
2026-09-03,12:10,KARMIENIE,0,0,0
2026-09-03,14:10,KARMIENIE,0,0,0
2026-09-03,14:23,KARMIENIE,0,0,0
2026-09-03,14:23,MLEKO_MODYFIKOWANE,50
2026-09-03,17:10,KARMIENIE,0,0,0
2026-09-03,17:10,MLEKO_MODYFIKOWANE,102
2026-09-03,22:14,WAGA,3700
2026-09-03,23:40,KARMIENIE,0,0,0
2026-09-04,03:31,KARMIENIE,0,0,0
2026-09-04,06:43,WAGA,3700
2026-09-04,06:38,KARMIENIE,0,0,0
2026-09-04,09:52,KARMIENIE,0,0,0
2026-09-04,13:00,KARMIENIE,0,0,0
2026-09-04,15:50,KARMIENIE,0,0,0
2026-09-04,15:50,MLEKO_MATKI,70
2026-09-04,18:00,KARMIENIE,0,0,0
2026-09-04,20:34,KARMIENIE,0,0,0
2026-09-04,20:34,MLEKO_MODYFIKOWANE,100
2026-09-04,23:39,SEN_START,0
2026-09-04,23:39,SEN_STOP,0
2026-09-04,23:39,SEN_START,0
2026-09-04,23:39,SEN_STOP,0
2026-09-04,23:39,SEN_START,0
2026-09-04,23:40,SEN_STOP,0
2026-09-05,01:46,KARMIENIE,0,0,0
2026-09-05,01:46,WAGA,3800
2026-09-05,04:24,KARMIENIE,0,0,0
2026-09-05,07:59,KARMIENIE,0,0,0
2026-09-05,10:30,KARMIENIE,0,0,0
2026-09-05,12:43,KARMIENIE,0,0,0
